{
    "root_group": {
        "name": "",
        "path": "",
        "id": "d41d8cd98f00b204e9800998ecf8427e",
        "groups": {},
        "checks": {}
    },
    "metrics": {
        "http_req_failed": {
            "passes": 0,
            "fails": 471,
            "value": 0
        },
        "data_received": {
            "count": 2152631,
            "rate": 69332.10982140801
        },
        "http_req_duration{expected_response:true}": {
            "avg": 627.1337418259023,
            "min": 255.0201,
            "med": 535.1908,
            "max": 3988.0424,
            "p(90)": 1251.084,
            "p(95)": 1544.01515,
            "p(99)": 2059.37041
        },
        "http_req_waiting": {
            "avg": 522.0065101910828,
            "min": 254.6171,
            "med": 288.5213,
            "max": 3084.7001,
            "p(90)": 1060.2307,
            "p(95)": 1415.5903,
            "p(99)": 2030.3130800000004
        },
        "vus": {
            "value": 1,
            "min": 1,
            "max": 10
        },
        "http_reqs": {
            "count": 471,
            "rate": 15.17000532180535
        },
        "http_req_sending": {
            "p(99)": 2.7021800000000065,
            "avg": 0.4467065817409769,
            "min": 0,
            "med": 0.518,
            "max": 5.0321,
            "p(90)": 0.8132,
            "p(95)": 1.0303499999999999
        },
        "vus_max": {
            "min": 10,
            "max": 10,
            "value": 10
        },
        "data_sent": {
            "count": 62223,
            "rate": 2004.0833145195206
        },
        "http_req_receiving": {
            "min": 0,
            "med": 0.6777,
            "max": 1915.231,
            "p(90)": 273.3336,
            "p(95)": 292.97685,
            "p(99)": 960.1521900000009,
            "avg": 104.68052505307861
        },
        "http_req_blocked": {
            "min": 0,
            "med": 0,
            "max": 1662.3122,
            "p(90)": 0,
            "p(95)": 0,
            "p(99)": 735.5328,
            "avg": 19.13235881104034
        },
        "http_req_tls_handshaking": {
            "p(95)": 0,
            "p(99)": 352.0592200000001,
            "avg": 8.94972229299363,
            "min": 0,
            "med": 0,
            "max": 739.0015,
            "p(90)": 0
        },
        "http_req_connecting": {
            "max": 1274.3904,
            "p(90)": 0,
            "p(95)": 0,
            "p(99)": 277.3712100000001,
            "avg": 8.022188110403397,
            "min": 0,
            "med": 0
        },
        "http_req_duration": {
            "avg": 627.1337418259023,
            "min": 255.0201,
            "med": 535.1908,
            "max": 3988.0424,
            "p(90)": 1251.084,
            "p(95)": 1544.01515,
            "p(99)": 2059.37041
        },
        "iteration_duration": {
            "p(95)": 1576.0176000000001,
            "p(99)": 2110.6656400000015,
            "avg": 646.6198080679399,
            "min": 255.0201,
            "med": 537.2319,
            "max": 4721.5596,
            "p(90)": 1271.9378
        },
        "iterations": {
            "rate": 15.17000532180535,
            "count": 471
        }
    }
}